codigo_publicacion,serie,numero,sku_tesoros,estado_sku_tesoros,estado_codigo,clave_sombra,titulo,autor,tipo,encuadernacion,paginas,interior,isbn_publicado,ean13_checksum_valido,isbn13_formato_valido,codigo_barras_ean13,nota_isbn,pvp_eur,fecha_catalogo,fuente_sombra,fuente_codigo,fuente_codex
AP1,AP,1,ALMEAP1,esperado_por_patron,derivado_clave_sombra,LM298AP1,Travesías y Tropiezos de Aldoquino Portomoro (vol . 1),Jae Tanaka,Suplemento,rústica color con solapas,80,A5 color,9125111371250,true,false,9125111371250,"EAN-13 válido por checksum, pero no tiene prefijo ISBN 978/979",20.00,2026-07-31,https://dbsombra.com/index.asp?cod=LM298AP1,https://dbsombra.com/index.asp?cod=LM298AP1,https://github.com/diacritica/codexlmde/tree/master/codex/content/es/posts
B1,B,1,ALMEB1,esperado_por_patron,confirmado_codex,LM201B1,La Cripta Nefanda de Uztum el Maldito,Pedro Gil,Suplemento,grapado-color,32,b/n - A4,LM201B1,false,false,,Valor literal publicado por Sombra; no tiene formato ISBN/EAN-13,5.00,2017-01-25,https://dbsombra.com/index.asp?cod=LM201B1,https://github.com/diacritica/codexlmde/tree/master/codex/content/es/posts,https://github.com/diacritica/codexlmde/tree/master/codex/content/es/posts
B2,B,2,ALMEB2,esperado_por_patron,confirmado_codex,LM202B2,La Isla Misteriosa,Pedro Gil,Suplemento,grapado-color,32,b/n - A4,LM202B2,false,false,,Valor literal publicado por Sombra; no tiene formato ISBN/EAN-13,5.00,2017-01-25,https://dbsombra.com/index.asp?cod=LM202B2,https://github.com/diacritica/codexlmde/tree/master/codex/content/es/posts,https://github.com/diacritica/codexlmde/tree/master/codex/content/es/posts
B3,B,3,ALMEB3,esperado_por_patron,confirmado_codex,LM203B3,El Orbe de Amonhotep,Carlos Piedra Tutor,Suplemento,grapado-color,32,b/n - A4,LM203B3,false,false,,Valor literal publicado por Sombra; no tiene formato ISBN/EAN-13,5.00,2017-01-25,https://dbsombra.com/index.asp?cod=LM203B3,https://github.com/diacritica/codexlmde/tree/master/codex/content/es/posts,https://github.com/diacritica/codexlmde/tree/master/codex/content/es/posts
B4,B,4,ALMEB4,esperado_por_patron,confirmado_codex,LM207B4,Muerte en la Mansión del Mago Malifax,Carlos de la Cruz,Suplemento,grapado,28,b/n A4,LM207B4,false,false,,Valor literal publicado por Sombra; no tiene formato ISBN/EAN-13,6.00,2018-03-23,https://dbsombra.com/index.asp?cod=LM207B4,https://github.com/diacritica/codexlmde/tree/master/codex/content/es/posts,https://github.com/diacritica/codexlmde/tree/master/codex/content/es/posts
B5,B,5,ALMEB5,esperado_por_patron,confirmado_codex,LM208B5,Incursión a la Tierra del Dios Azul,José Carlos «Kha» Domínguez,Suplemento,grapado,28,b/n A4,LM208B5,false,false,,Valor literal publicado por Sombra; no tiene formato ISBN/EAN-13,6.00,2018-03-23,https://dbsombra.com/index.asp?cod=LM208B5,https://github.com/diacritica/codexlmde/tree/master/codex/content/es/posts,https://github.com/diacritica/codexlmde/tree/master/codex/content/es/posts
B6,B,6,ALMEB6,esperado_por_patron,confirmado_codex,LM212B6,Tiempo fuera del tiempo,Héctor Prieta de la Calle,Suplemento,rústica-color,20,b/n A4,.,false,false,,Sin ISBN según Sombra,6.00,2018-11-23,https://dbsombra.com/index.asp?cod=LM212B6,https://github.com/diacritica/codexlmde/tree/master/codex/content/es/posts,https://github.com/diacritica/codexlmde/tree/master/codex/content/es/posts
B7,B,7,ALMEB7,esperado_por_patron,confirmado_codex,LM214B7,Presentes Sangrientos,Alejandra González,Suplemento,rústica-color,20,b/n A4,.,false,false,,Sin ISBN según Sombra,6.00,2019-02-08,https://dbsombra.com/index.asp?cod=LM214B7,https://github.com/diacritica/codexlmde/tree/master/codex/content/es/posts,https://github.com/diacritica/codexlmde/tree/master/codex/content/es/posts
B8,B,8,ALMEB8,esperado_por_patron,confirmado_codex,LM215B8,La Tumba de Hielo,José Manue Palacios,Suplemento,rústica-color,16,b/n A4,.,false,false,,Sin ISBN según Sombra,7.00,2019-10-25,https://dbsombra.com/index.asp?cod=LM215B8,https://github.com/diacritica/codexlmde/tree/master/codex/content/es/posts,https://github.com/diacritica/codexlmde/tree/master/codex/content/es/posts
B9,B,9,ALMEB9,esperado_por_patron,confirmado_codex,LM216B9,La Última Frontera,Jorge Moreno,Suplemento,rústica-color,24,b/n A4,.,false,false,,Sin ISBN según Sombra,7.00,2019-10-25,https://dbsombra.com/index.asp?cod=LM216B9,https://github.com/diacritica/codexlmde/tree/master/codex/content/es/posts,https://github.com/diacritica/codexlmde/tree/master/codex/content/es/posts
B10,B,10,ALMEB10,esperado_por_patron,confirmado_codex,LM230B10,El Túmulo Perdido de Azgoz el Testarudo,vv.aa.,Suplemento,grapado color,16,A4 b/n,.,false,false,,Sin ISBN según Sombra,7.50,2021-03-18,https://dbsombra.com/index.asp?cod=LM230B10,https://github.com/diacritica/codexlmde/tree/master/codex/content/es/posts,https://github.com/diacritica/codexlmde/tree/master/codex/content/es/posts
B11,B,11,ALMEB11,esperado_por_patron,confirmado_codex,LM231B11,Las Cuevas del Clan Atronador,Manuel Pietro Serrano,Suplemento,grapado color,20,A4 b/n,9787702211620,true,true,9787702211620,Formato ISBN-13/EAN-13 válido por checksum; no implica verificación registral,7.50,2021-04-30,https://dbsombra.com/index.asp?cod=LM231B11,https://github.com/diacritica/codexlmde/tree/master/codex/content/es/posts,https://github.com/diacritica/codexlmde/tree/master/codex/content/es/posts
B12,B,12,ALMEB12,esperado_por_patron,confirmado_codex,LM235B12,El Monasterio del Dragón Dormido,Jose Francisco Asensi Noguera,Suplemento,grapado color,12,A4 b/n,9780201111620,true,true,9780201111620,Formato ISBN-13/EAN-13 válido por checksum; no implica verificación registral,7.50,2021-09-10,https://dbsombra.com/index.asp?cod=LM235B12,https://github.com/diacritica/codexlmde/tree/master/codex/content/es/posts,https://github.com/diacritica/codexlmde/tree/master/codex/content/es/posts
B13,B,13,ALMEB13,esperado_por_patron,confirmado_codex,LM238B13,Sangre en la Nieve,Joaquín Blanes Garrido,Suplemento,grapado color,20,A4 b/n,9780201379228,true,true,9780201379228,Formato ISBN-13/EAN-13 válido por checksum; no implica verificación registral,7.50,2022-06-10,https://dbsombra.com/index.asp?cod=LM238B13,https://github.com/diacritica/codexlmde/tree/master/codex/content/es/posts,https://github.com/diacritica/codexlmde/tree/master/codex/content/es/posts
B14,B,14,ALMEB14,esperado_por_patron,confirmado_codex,LM239B14,Vileza en el Bastión de los Bandidos,Hugo Gil,Suplemento,grapado color,32,A4 b/n,9788436836233,true,true,9788436836233,Formato ISBN-13/EAN-13 válido por checksum; no implica verificación registral,8.00,2022-06-10,https://dbsombra.com/index.asp?cod=LM239B14,https://github.com/diacritica/codexlmde/tree/master/codex/content/es/posts,https://github.com/diacritica/codexlmde/tree/master/codex/content/es/posts
B15,B,15,ALMEB15,esperado_por_patron,confirmado_codex,LM248B15,Las Minas del Elefante,José Carlos Domínguez..,Suplemento,grapado color,24,A4 b/n,9780195014761,true,true,9780195014761,Formato ISBN-13/EAN-13 válido por checksum; no implica verificación registral,8.00,2023-09-22,https://dbsombra.com/index.asp?cod=LM248B15,https://github.com/diacritica/codexlmde/tree/master/codex/content/es/posts,https://github.com/diacritica/codexlmde/tree/master/codex/content/es/posts
B16,B,16,ALMEB16,esperado_por_patron,confirmado_codex,LM249B16,La Pirámide del Faraón Negro,José Carlos Domínguez..,Suplemento,grapado color,24,A4 b/n,9780330291910,true,true,9780330291910,Formato ISBN-13/EAN-13 válido por checksum; no implica verificación registral,8.00,2023-09-22,https://dbsombra.com/index.asp?cod=LM249B16,https://github.com/diacritica/codexlmde/tree/master/codex/content/es/posts,https://github.com/diacritica/codexlmde/tree/master/codex/content/es/posts
B17,B,17,ALMEB17,esperado_por_patron,confirmado_codex,LM247B17,El Búcaro de Alabastro,Miguel Ángel Muñoz,Suplemento,grapado color,28,A4 b/n,9780202739953,true,true,9780202739953,Formato ISBN-13/EAN-13 válido por checksum; no implica verificación registral,8.00,2023-06-16,https://dbsombra.com/index.asp?cod=LM247B17,https://github.com/diacritica/codexlmde/tree/master/codex/content/es/posts,https://github.com/diacritica/codexlmde/tree/master/codex/content/es/posts
B18,B,18,ALMEB18,esperado_por_patron,confirmado_codex,LM250B18,La Perla de Ayakashi,Jorge Serrano Martín,Suplemento,grapado color,20,b/n A4,9780201279665,true,true,9780201279665,Formato ISBN-13/EAN-13 válido por checksum; no implica verificación registral,8.00,2023-11-10,https://dbsombra.com/index.asp?cod=LM250B18,https://github.com/diacritica/codexlmde/tree/master/codex/content/es/posts,https://github.com/diacritica/codexlmde/tree/master/codex/content/es/posts
B19,B,19,ALMEB19,confirmado_tesoros,confirmado_codex,LM251B19,Agitando Pozasdemugre,Oriol García,Suplemento,grapado color,22,A4 b/n,9780201379655,true,true,9780201379655,Formato ISBN-13/EAN-13 válido por checksum; no implica verificación registral,7.50,2024-05-17,https://dbsombra.com/index.asp?cod=LM251B19,https://github.com/diacritica/codexlmde/tree/master/codex/content/es/posts,https://github.com/diacritica/codexlmde/tree/master/codex/content/es/posts
B20,B,20,ALMEB20,esperado_por_patron,confirmado_codex,LM258B20,La Luz de Valion,Jose Francisco Asensi Noguera,Suplemento,grapado color,20,A4 b/n,9781230507897,true,true,9781230507897,Formato ISBN-13/EAN-13 válido por checksum; no implica verificación registral,8.00,2025-02-21,https://dbsombra.com/index.asp?cod=LM258B20,https://github.com/diacritica/codexlmde/tree/master/codex/content/es/posts,https://github.com/diacritica/codexlmde/tree/master/codex/content/es/posts
B21,B,21,ALMEB21,esperado_por_patron,confirmado_codex,LM259B21,El Destino del Rey Mono,Jose Carlos Domínguez,Suplemento,grapado color,20,A4 b/n,9780001379626,true,true,9780001379626,Formato ISBN-13/EAN-13 válido por checksum; no implica verificación registral,8.00,2025-02-21,https://dbsombra.com/index.asp?cod=LM259B21,https://github.com/diacritica/codexlmde/tree/master/codex/content/es/posts,https://github.com/diacritica/codexlmde/tree/master/codex/content/es/posts
B22,B,22,ALMEB22,esperado_por_patron,confirmado_codex,LM260B22,El Dios del Río,Julián Díaz Pérez,Suplemento,grapado color,16,A4 b/n,9780207779626,true,true,9780207779626,Formato ISBN-13/EAN-13 válido por checksum; no implica verificación registral,8.00,2025-03-28,https://dbsombra.com/index.asp?cod=LM260B22,https://github.com/diacritica/codexlmde/tree/master/codex/content/es/posts,https://github.com/diacritica/codexlmde/tree/master/codex/content/es/posts
B23,B,23,ALMEB23,esperado_por_patron,confirmado_codex,LM262B23,La corona del Nigromante,Miguel Rodríguez,Suplemento,grapado color,24,A4 b/n,9781211319129,true,true,9781211319129,Formato ISBN-13/EAN-13 válido por checksum; no implica verificación registral,8.00,2025-05-09,https://dbsombra.com/index.asp?cod=LM262B23,https://github.com/diacritica/codexlmde/tree/master/codex/content/es/posts,https://github.com/diacritica/codexlmde/tree/master/codex/content/es/posts
B24,B,24,ALMEB24,esperado_por_patron,confirmado_codex,LM265B24,La Niebla,José Francisco Asensi Noguera,Suplemento,grapado color,20,A4 b/n,9580261378625,true,false,9580261378625,"EAN-13 válido por checksum, pero no tiene prefijo ISBN 978/979",8.00,2025-07-04,https://dbsombra.com/index.asp?cod=LM265B24,https://github.com/diacritica/codexlmde/tree/master/codex/content/es/posts,https://github.com/diacritica/codexlmde/tree/master/codex/content/es/posts
B25,B,25,ALMEB25,esperado_por_patron,confirmado_codex,LM266B25,El Altar Impío,Manuel López Coloma,Suplemento,grapado color,52,A4 b/n,9780200370608,true,true,9780200370608,Formato ISBN-13/EAN-13 válido por checksum; no implica verificación registral,15.00,2025-08-29,https://dbsombra.com/index.asp?cod=LM266B25,https://github.com/diacritica/codexlmde/tree/master/codex/content/es/posts,https://github.com/diacritica/codexlmde/tree/master/codex/content/es/posts
B26,B,26,ALMEB26,esperado_por_patron,confirmado_codex,LM270B26,La Arboleda de la Bruja Muerta,Ulises Martínez,Suplemento,grapado color,16,A4 b/n,9780201449013,true,true,9780201449013,Formato ISBN-13/EAN-13 válido por checksum; no implica verificación registral,8.00,2025-10-17,https://dbsombra.com/index.asp?cod=LM270B26,https://github.com/diacritica/codexlmde/tree/master/codex/content/es/posts,https://github.com/diacritica/codexlmde/tree/master/codex/content/es/posts
B27,B,27,ALMEB27,esperado_por_patron,derivado_clave_sombra,LM271B27,Los Hijos del Viento,José Carlos de Diego Guerrero,Suplemento,grapado color,40,A4 b/n,9781111371234,true,true,9781111371234,Formato ISBN-13/EAN-13 válido por checksum; no implica verificación registral,15.00,2025-11-28,https://dbsombra.com/index.asp?cod=LM271B27,https://dbsombra.com/index.asp?cod=LM271B27,https://github.com/diacritica/codexlmde/tree/master/codex/content/es/posts
B28,B,28,ALMEB28,esperado_por_patron,derivado_clave_sombra,LM272B28,El Callejón Inconstante,Miguel Ángel Muñoz.,Suplemento,grapado color,16,A4 b/n,-,false,false,,Sin ISBN según Sombra,9.00,2025-11-28,https://dbsombra.com/index.asp?cod=LM272B28,https://dbsombra.com/index.asp?cod=LM272B28,https://github.com/diacritica/codexlmde/tree/master/codex/content/es/posts
B29,B,29,ALMEB29,esperado_por_patron,confirmado_codex,LM273B29,El Refugio Desmoronado,Miguel Ángel Muñoz.,Suplemento,grapado color,20,A4 b/n,9180201579619,true,false,9180201579619,"EAN-13 válido por checksum, pero no tiene prefijo ISBN 978/979",9.00,2025-11-28,https://dbsombra.com/index.asp?cod=LM273B29,https://github.com/diacritica/codexlmde/tree/master/codex/content/es/posts,https://github.com/diacritica/codexlmde/tree/master/codex/content/es/posts
B30,B,30,ALMEB30,esperado_por_patron,derivado_clave_sombra,LM274B30,La Balconada de Idhola,Manuel Prieto Serrato,Suplemento,grapado color,24,A4 b/n,9990209999629,true,false,9990209999629,"EAN-13 válido por checksum, pero no tiene prefijo ISBN 978/979",10.00,2025-12-19,https://dbsombra.com/index.asp?cod=LM274B30,https://dbsombra.com/index.asp?cod=LM274B30,https://github.com/diacritica/codexlmde/tree/master/codex/content/es/posts
B31,B,31,ALMEB31,esperado_por_patron,derivado_clave_sombra,LM279B31,Rituales Oscuros,Miguel Rofríguez,Suplemento,grapado color,24,A4 color,7780201979697,true,false,7780201979697,"EAN-13 válido por checksum, pero no tiene prefijo ISBN 978/979",10.00,2026-02-13,https://dbsombra.com/index.asp?cod=LM279B31,https://dbsombra.com/index.asp?cod=LM279B31,https://github.com/diacritica/codexlmde/tree/master/codex/content/es/posts
B32,B,32,ALMEB32,esperado_por_patron,derivado_clave_sombra,LM280B32,La Ciudad Olvidada,Manuel Martínez Martínez,Suplemento,grapado color,28,A4 b/n,6650201976655,true,false,6650201976655,"EAN-13 válido por checksum, pero no tiene prefijo ISBN 978/979",12.00,2026-02-13,https://dbsombra.com/index.asp?cod=LM280B32,https://dbsombra.com/index.asp?cod=LM280B32,https://github.com/diacritica/codexlmde/tree/master/codex/content/es/posts
B33,B,33,ALMEB33,esperado_por_patron,derivado_clave_sombra,LM281B33,El Tesoro del Capitán Flint,José Carlos Domínguez,Suplemento,"carpeta color, interior grapado",20,A4 b/n,9780000079008,true,true,9780000079008,Formato ISBN-13/EAN-13 válido por checksum; no implica verificación registral,14.00,2026-02-13,https://dbsombra.com/index.asp?cod=LM281B33,https://dbsombra.com/index.asp?cod=LM281B33,https://github.com/diacritica/codexlmde/tree/master/codex/content/es/posts
B34,B,34,ALMEB34,esperado_por_patron,derivado_clave_sombra,LM282B34,La Mazmorra de Cimarruina,Anko Gómes Roncero,Suplemento,grapado color,28,A4 b/n,1180111379116,true,false,1180111379116,"EAN-13 válido por checksum, pero no tiene prefijo ISBN 978/979",12.00,2026-02-13,https://dbsombra.com/index.asp?cod=LM282B34,https://dbsombra.com/index.asp?cod=LM282B34,https://github.com/diacritica/codexlmde/tree/master/codex/content/es/posts
B35,B,35,ALMEB35,esperado_por_patron,derivado_clave_sombra,LM283B35,Un Apacible Descanso en el Paso del Vigilante,Manuel Prieto Serrato,Suplemento,grapado color,16,A4 b/n,9780223239234,true,true,9780223239234,Formato ISBN-13/EAN-13 válido por checksum; no implica verificación registral,9.00,2026-02-13,https://dbsombra.com/index.asp?cod=LM283B35,https://dbsombra.com/index.asp?cod=LM283B35,https://github.com/diacritica/codexlmde/tree/master/codex/content/es/posts
B36,B,36,ALMEB36,esperado_por_patron,derivado_clave_sombra,LM284B36,El Monstruo de Torremuro,Manuel Prieto Serrano,Suplemento,grapado color,24,A4 b/n,9780999379622,true,true,9780999379622,Formato ISBN-13/EAN-13 válido por checksum; no implica verificación registral,12.00,2026-03-27,https://dbsombra.com/index.asp?cod=LM284B36,https://dbsombra.com/index.asp?cod=LM284B36,https://github.com/diacritica/codexlmde/tree/master/codex/content/es/posts
B37,B,37,ALMEB37,esperado_por_patron,derivado_clave_sombra,LM285B37,Una Extraña Enfermedad,Miguel Romero Gómez «Lordrommer»,Suplemento,grapado color,20,A4 b/n,0700001368504,true,false,0700001368504,"EAN-13 válido por checksum, pero no tiene prefijo ISBN 978/979",10.00,2026-03-27,https://dbsombra.com/index.asp?cod=LM285B37,https://dbsombra.com/index.asp?cod=LM285B37,https://github.com/diacritica/codexlmde/tree/master/codex/content/es/posts
B38,B,38,ALMEB38,esperado_por_patron,derivado_clave_sombra,LM288B38,La Ruina de Cauceseco,Gonzalo García Martínez,Suplemento,grapado color,52,A4 b/n,9785432215994,true,true,9785432215994,Formato ISBN-13/EAN-13 válido por checksum; no implica verificación registral,15.00,2026-04-24,https://dbsombra.com/index.asp?cod=LM288B38,https://dbsombra.com/index.asp?cod=LM288B38,https://github.com/diacritica/codexlmde/tree/master/codex/content/es/posts
B39,B,39,ALMEB39,esperado_por_patron,derivado_clave_sombra,LM289B39,El Hospicio Sangriento,Manuel López Coloma,Suplemento,grapado color,24,A4 b/n,9780881378887,true,true,9780881378887,Formato ISBN-13/EAN-13 válido por checksum; no implica verificación registral,10.00,2026-04-24,https://dbsombra.com/index.asp?cod=LM289B39,https://dbsombra.com/index.asp?cod=LM289B39,https://github.com/diacritica/codexlmde/tree/master/codex/content/es/posts
B40,B,40,ALMEB40,esperado_por_patron,derivado_clave_sombra,LM290B40,La Fortaleza Maldita,Miguel Rodríguez,Suplemento,grapado color,28,A4 b/n,9787771377623,true,true,9787771377623,Formato ISBN-13/EAN-13 válido por checksum; no implica verificación registral,12.00,2026-04-24,https://dbsombra.com/index.asp?cod=LM290B40,https://dbsombra.com/index.asp?cod=LM290B40,https://github.com/diacritica/codexlmde/tree/master/codex/content/es/posts
B41,B,41,ALMEB41,esperado_por_patron,derivado_clave_sombra,LM292B41,El Secuestro de Sintia,José Antonio Picos Ávila,Suplemento,grapado color,20,A4 b/n,9786666677626,true,true,9786666677626,Formato ISBN-13/EAN-13 válido por checksum; no implica verificación registral,10.00,2026-07-03,https://dbsombra.com/index.asp?cod=LM292B41,https://dbsombra.com/index.asp?cod=LM292B41,https://github.com/diacritica/codexlmde/tree/master/codex/content/es/posts
B42,B,42,ALMEB42,esperado_por_patron,derivado_clave_sombra,LM293B42,El Lazareto de Robleda,Pedro J. González,Suplemento,grapado color,20,A4 b/n,9660266375529,true,false,9660266375529,"EAN-13 válido por checksum, pero no tiene prefijo ISBN 978/979",10.00,2026-05-29,https://dbsombra.com/index.asp?cod=LM293B42,https://dbsombra.com/index.asp?cod=LM293B42,https://github.com/diacritica/codexlmde/tree/master/codex/content/es/posts
BS1,BS,1,ALMEBS1,esperado_por_patron,confirmado_codex,LM224BS1,Bestiario de Criaturas Extraordinarias,vv. aa.,Suplemento,grapado color,28,A4 b/n,9789201009623,true,true,9789201009623,Formato ISBN-13/EAN-13 válido por checksum; no implica verificación registral,5.00,2020-11-09,https://dbsombra.com/index.asp?cod=LM224BS1,https://github.com/diacritica/codexlmde/tree/master/codex/content/es/posts,https://github.com/diacritica/codexlmde/tree/master/codex/content/es/posts
C1,C,1,ALMEC1,esperado_por_patron,confirmado_codex,LM204C1,Los Salones Anegados de Leviatan,Luis F. «Tadevs»,Suplemento,grapado-color,32,b/n - A4,LM204C1,false,false,,Valor literal publicado por Sombra; no tiene formato ISBN/EAN-13,5.00,2017-01-25,https://dbsombra.com/index.asp?cod=LM204C1,https://github.com/diacritica/codexlmde/tree/master/codex/content/es/posts,https://github.com/diacritica/codexlmde/tree/master/codex/content/es/posts
C2,C,2,ALMEC2,esperado_por_patron,confirmado_codex,LM209C2,La Catacumba de los Espantos de Kavaduz,Pedro Gil,Suplemento,grapado,40,b/n A4,LM209C2,false,false,,Valor literal publicado por Sombra; no tiene formato ISBN/EAN-13,6.00,2018-03-23,https://dbsombra.com/index.asp?cod=LM209C2,https://github.com/diacritica/codexlmde/tree/master/codex/content/es/posts,https://github.com/diacritica/codexlmde/tree/master/codex/content/es/posts
C3,C,3,ALMEC3,esperado_por_patron,confirmado_codex,LM218C3,El Jardín Negro,José Manue Palacios,Suplemento,rústica-color,24,b/n A4,.,false,false,,Sin ISBN según Sombra,7.00,2019-10-25,https://dbsombra.com/index.asp?cod=LM218C3,https://github.com/diacritica/codexlmde/tree/master/codex/content/es/posts,https://github.com/diacritica/codexlmde/tree/master/codex/content/es/posts
C4,C,4,ALMEC4,esperado_por_patron,confirmado_codex,LM236C4,La Cúpula de Huesos de Ixambel,Nacho Vega Matilla,Suplemento,grapado color,28,A4 b/n,9780201379625,false,false,,"Tiene prefijo ISBN 978/979, pero el checksum EAN-13 no es válido",7.50,2022-04-01,https://dbsombra.com/index.asp?cod=LM236C4,https://github.com/diacritica/codexlmde/tree/master/codex/content/es/posts,https://github.com/diacritica/codexlmde/tree/master/codex/content/es/posts
C5,C,5,ALMEC5,esperado_por_patron,derivado_clave_sombra,LM252C5,La Prueba de Lenzen,Jose Mariano Saez,Suplemento,grapado color,44,A4 b/n,9780201379626,false,false,,"Tiene prefijo ISBN 978/979, pero el checksum EAN-13 no es válido",9.00,2024-05-17,https://dbsombra.com/index.asp?cod=LM252C5,https://dbsombra.com/index.asp?cod=LM252C5,https://github.com/diacritica/codexlmde/tree/master/codex/content/es/posts
CC,CC,,,,derivado_clave_sombra,LM223CC,Cuaderno de Campaña (libro de notas DJ),Eneko Menica y Eneko Palencia,Suplemento,rústica-color,96 (6 bloques),b/n A5,.,false,false,,Sin ISBN según Sombra,7.00,2019-10-25,https://dbsombra.com/index.asp?cod=LM223CC,https://dbsombra.com/index.asp?cod=LM223CC,https://github.com/diacritica/codexlmde/tree/master/codex/content/es/posts
CL,CL,,,,derivado_clave_sombra,LM237CL,Las Esporas del Hongo Atribulado,Karl Stjernberg,Suplemento,grapado color,16,b/n A5,-,false,false,,Sin ISBN según Sombra,7.00,2022-05-20,https://dbsombra.com/index.asp?cod=LM237CL,https://dbsombra.com/index.asp?cod=LM237CL,https://github.com/diacritica/codexlmde/tree/master/codex/content/es/posts
CR,CR,,,,derivado_clave_sombra,LM200CR,Caja Roja Marca del Este,vv.aa.,Básico,caja cartoné color,192 (libro) + 50 (hojas PJ) + 3 cuerpos (pantalla),A4 b/n + color (pantalla),9785201379629,true,true,9785201379629,Formato ISBN-13/EAN-13 válido por checksum; no implica verificación registral,40.00,2022-02-18,https://dbsombra.com/index.asp?cod=LM200CR,https://dbsombra.com/index.asp?cod=LM200CR,https://github.com/diacritica/codexlmde/tree/master/codex/content/es/posts
CS,CS,,,,derivado_clave_sombra,LM255CS,Corona de sal,Tania Herrero,Suplemento,rústica color con solapas,120,color A5,LM255CS,false,false,,Valor literal publicado por Sombra; no tiene formato ISBN/EAN-13,25.00,2024-07-05,https://dbsombra.com/index.asp?cod=LM255CS,https://dbsombra.com/index.asp?cod=LM255CS,https://github.com/diacritica/codexlmde/tree/master/codex/content/es/posts
CT1,CT,1,ALMECT1,esperado_por_patron,confirmado_codex,LM227CT1,La Lágrima de Zurâh,Antonio Ramón Berbell Gonell,Suplemento,grapado color,32,A4 b/n,8580200071625,true,false,8580200071625,"EAN-13 válido por checksum, pero no tiene prefijo ISBN 978/979",6.00,2020-11-09,https://dbsombra.com/index.asp?cod=LM227CT1,https://github.com/diacritica/codexlmde/tree/master/codex/content/es/posts,https://github.com/diacritica/codexlmde/tree/master/codex/content/es/posts
CT2,CT,2,ALMECT2,esperado_por_patron,derivado_clave_sombra,LM276CT2,El Sello del Profeta,Antonio Ramón Berbell Gonell,Suplemento,grapado color,44,A4 b/n,1680201369619,true,false,1680201369619,"EAN-13 válido por checksum, pero no tiene prefijo ISBN 978/979",22.00,2025-12-19,https://dbsombra.com/index.asp?cod=LM276CT2,https://dbsombra.com/index.asp?cod=LM276CT2,https://github.com/diacritica/codexlmde/tree/master/codex/content/es/posts
D1,D,1,ALMED1,esperado_por_patron,derivado_clave_sombra,LM275D1,Dioses y Clérigos,Juanmi Ferez (y otros autores),Suplemento,grapado color,48,A4 b/n,9770201079600,true,false,9770201079600,"EAN-13 válido por checksum, pero no tiene prefijo ISBN 978/979",15.00,2025-12-19,https://dbsombra.com/index.asp?cod=LM275D1,https://dbsombra.com/index.asp?cod=LM275D1,https://github.com/diacritica/codexlmde/tree/master/codex/content/es/posts
E1,E,1,ALMEE1,esperado_por_patron,derivado_clave_sombra,LM211E1,El Legado Perdido (Crónicas Olvidadas),Diego Marqués Vega (Códice),Suplemento,grapado color,32 + mapa A3,b/n A4,.,false,false,,Sin ISBN según Sombra,8.00,2018-05-25,https://dbsombra.com/index.asp?cod=LM211E1,https://dbsombra.com/index.asp?cod=LM211E1,https://github.com/diacritica/codexlmde/tree/master/codex/content/es/posts
ES1,ES,1,ALMEES1,esperado_por_patron,derivado_clave_sombra,LM226ES1,La Furia de Rastilon,Pedro Gil,Suplemento,grapado color,24 + 1 mapa A3 color,A4 b/n,.,false,false,,Sin ISBN según Sombra,7.00,2020-11-09,https://dbsombra.com/index.asp?cod=LM226ES1,https://dbsombra.com/index.asp?cod=LM226ES1,https://github.com/diacritica/codexlmde/tree/master/codex/content/es/posts
G0,G,0,ALMEG0,esperado_por_patron,especial_gazetteer,LM200GZ,Gazetteer de la Marca del Este,Varios,Suplemento,caja,180 + pantalla + 15 mapas,b/n A4 (planos y exterior pantalla color),LM200GZ,false,false,,Valor literal publicado por Sombra; no tiene formato ISBN/EAN-13,40.00,2018-03-23,https://dbsombra.com/index.asp?cod=LM200GZ,https://github.com/diacritica/codexlmde/tree/master/codex/content/es/posts,https://github.com/diacritica/codexlmde/tree/master/codex/content/es/posts
G1,G,1,ALMEG1,esperado_por_patron,confirmado_codex,LM213G1,Un Paseo por el Campo,Pedro Gil,Suplemento,rústica-color en tríptico,36 + mapa color A3,b/n A4,.,false,false,,Sin ISBN según Sombra,10.00,2018-12-17,https://dbsombra.com/index.asp?cod=LM213G1,https://github.com/diacritica/codexlmde/tree/master/codex/content/es/posts,https://github.com/diacritica/codexlmde/tree/master/codex/content/es/posts
G2,G,2,ALMEG2,esperado_por_patron,confirmado_codex,LM219G2,Alameda,Santi Pastor,Suplemento,rústica-color,24 + mapa,b/n A4 + mapa A3 color,.,false,false,,Sin ISBN según Sombra,7.00,2019-10-25,https://dbsombra.com/index.asp?cod=LM219G2,https://github.com/diacritica/codexlmde/tree/master/codex/content/es/posts,https://github.com/diacritica/codexlmde/tree/master/codex/content/es/posts
G3,G,3,ALMEG3,esperado_por_patron,confirmado_codex,LM228G3,Las Frondas de los Medianos,Carlos de la Cruz,Suplemento,grapado color,20 + 1 mapa A3 color,A4 b/n,9788881388622,true,true,9788881388622,Formato ISBN-13/EAN-13 válido por checksum; no implica verificación registral,6.00,2020-11-09,https://dbsombra.com/index.asp?cod=LM228G3,https://github.com/diacritica/codexlmde/tree/master/codex/content/es/posts,https://github.com/diacritica/codexlmde/tree/master/codex/content/es/posts
G4,G,4,ALMEG4,esperado_por_patron,derivado_clave_sombra,LM277G4,El País de los Elfos de la Bruma,Manuel López Coloma,Suplemento,grapado color,48,A4 b/n,5580205579624,true,false,5580205579624,"EAN-13 válido por checksum, pero no tiene prefijo ISBN 978/979",15.00,2025-12-19,https://dbsombra.com/index.asp?cod=LM277G4,https://dbsombra.com/index.asp?cod=LM277G4,https://github.com/diacritica/codexlmde/tree/master/codex/content/es/posts
G5,G,5,ALMEG5,esperado_por_patron,derivado_clave_sombra,LM278G5,Visirtán (tierra de magia y arena),Miguel Ángel Muñoz,Suplemento,grapado color,110,A4 b/n,9780201379624,true,true,9780201379624,Formato ISBN-13/EAN-13 válido por checksum; no implica verificación registral,25.00,2025-12-19,https://dbsombra.com/index.asp?cod=LM278G5,https://dbsombra.com/index.asp?cod=LM278G5,https://github.com/diacritica/codexlmde/tree/master/codex/content/es/posts
G6,G,6,ALMEG6,esperado_por_patron,derivado_clave_sombra,LM294G6,Un Alto en el Camino,"Damaso Chicharro, Ernesto Martín y Javier Muñoz",Suplemento,grapado color,28,A4 b/n,9440244474426,true,false,9440244474426,"EAN-13 válido por checksum, pero no tiene prefijo ISBN 978/979",12.00,2026-05-29,https://dbsombra.com/index.asp?cod=LM294G6,https://dbsombra.com/index.asp?cod=LM294G6,https://github.com/diacritica/codexlmde/tree/master/codex/content/es/posts
H1,H,1,ALMEH1,esperado_por_patron,confirmado_codex_sin_sombra_actual,,La Aldea Asolada por la Muerte,,Aventura histórica,,,,,,,,Sin dato en el catálogo actual de Sombra,,,,https://github.com/diacritica/codexlmde/tree/master/codex/content/es/posts,https://github.com/diacritica/codexlmde/tree/master/codex/content/es/posts
H2,H,2,ALMEH2,esperado_por_patron,confirmado_codex_sin_sombra_actual,,El Último Caballero de la Orden Escarlata,,Aventura histórica,,,,,,,,Sin dato en el catálogo actual de Sombra,,,,https://github.com/diacritica/codexlmde/tree/master/codex/content/es/posts,https://github.com/diacritica/codexlmde/tree/master/codex/content/es/posts
H3,H,3,ALMEH3,esperado_por_patron,confirmado_codex_sin_sombra_actual,,Nuestros Hermanos Caídos en Batalla,,Aventura histórica,,,,,,,,Sin dato en el catálogo actual de Sombra,,,,https://github.com/diacritica/codexlmde/tree/master/codex/content/es/posts,https://github.com/diacritica/codexlmde/tree/master/codex/content/es/posts
H4,H,4,ALMEH4,esperado_por_patron,confirmado_codex_sin_sombra_actual,,La Espada en la Roca,,Aventura histórica,,,,,,,,Sin dato en el catálogo actual de Sombra,,,,https://github.com/diacritica/codexlmde/tree/master/codex/content/es/posts,https://github.com/diacritica/codexlmde/tree/master/codex/content/es/posts
HO1,HO,1,ALMEHO1,esperado_por_patron,confirmado_codex,LM246HO1,Lo que el Ojo no ve,vv.aa.,Suplemento,rústica color,62,A4 b/n,9782253058151,true,true,9782253058151,Formato ISBN-13/EAN-13 válido por checksum; no implica verificación registral,12.00,2023-05-19,https://dbsombra.com/index.asp?cod=LM246HO1,https://github.com/diacritica/codexlmde/tree/master/codex/content/es/posts,https://github.com/diacritica/codexlmde/tree/master/codex/content/es/posts
K1,K,1,ALMEK1,esperado_por_patron,confirmado_codex,LM234K1,En Compañía de Cuervos,Manu Sáez,Suplemento,grapado color,20 + encarte,b/n,9780201111620,true,true,9780201111620,Formato ISBN-13/EAN-13 válido por checksum; no implica verificación registral,7.50,2021-07-30,https://dbsombra.com/index.asp?cod=LM234K1,https://github.com/diacritica/codexlmde/tree/master/codex/content/es/posts,https://github.com/diacritica/codexlmde/tree/master/codex/content/es/posts
LB,LB,,,,derivado_clave_sombra,LM264LB,Aventuras en la Marca del Este (ed. bolsillo),"Pedro Gil, Cristobal Sánchez y Salvador García",Básico,rústica con solapas color,192,17x24 b/n,9785201379629,true,true,9785201379629,Formato ISBN-13/EAN-13 válido por checksum; no implica verificación registral,12.00,2025-06-13,https://dbsombra.com/index.asp?cod=LM264LB,https://dbsombra.com/index.asp?cod=LM264LB,https://github.com/diacritica/codexlmde/tree/master/codex/content/es/posts
LB,LB,,,,derivado_clave_sombra,LM240LB,Crónicas de la Marca,Javier García y Pedro Gil,Básico,rústica color con solapas,212,A4 b/n,9788493585822,true,true,9788493585822,Formato ISBN-13/EAN-13 válido por checksum; no implica verificación registral,30.00,2022-10-21,https://dbsombra.com/index.asp?cod=LM240LB,https://dbsombra.com/index.asp?cod=LM240LB,https://github.com/diacritica/codexlmde/tree/master/codex/content/es/posts
LS1,LS,1,ALMELS1,esperado_por_patron,derivado_clave_sombra,LM291LS1,Regreso al Templo de los Antiguos (Legado subyugador 1),Jesús Matheo Labeaga,Suplemento,grapado color,32,A4 b/n,9744441379622,true,false,9744441379622,"EAN-13 válido por checksum, pero no tiene prefijo ISBN 978/979",14.00,2026-04-24,https://dbsombra.com/index.asp?cod=LM291LS1,https://dbsombra.com/index.asp?cod=LM291LS1,https://github.com/diacritica/codexlmde/tree/master/codex/content/es/posts
MA,MA,,,,derivado_clave_sombra,LM268MA,La Isla de los Dioses Olvidados,Chance Dudinack,Suplemento,grapado color,32,A5 b/n,9780200079624,true,true,9780200079624,Formato ISBN-13/EAN-13 válido por checksum; no implica verificación registral,10.00,2025-08-29,https://dbsombra.com/index.asp?cod=LM268MA,https://dbsombra.com/index.asp?cod=LM268MA,https://github.com/diacritica/codexlmde/tree/master/codex/content/es/posts
MM1,MM,1,ALMEMM1,esperado_por_patron,derivado_clave_sombra,LM243MM1,Más allá de las tierras de la Marca 1,Alex Damaceno,Suplemento,grapado color,20,A5 color,9788493585824,false,false,,"Tiene prefijo ISBN 978/979, pero el checksum EAN-13 no es válido",8.00,2023-01-27,https://dbsombra.com/index.asp?cod=LM243MM1,https://dbsombra.com/index.asp?cod=LM243MM1,https://github.com/diacritica/codexlmde/tree/master/codex/content/es/posts
MM2,MM,2,ALMEMM2,esperado_por_patron,derivado_clave_sombra,LM257MM2,Más allá de las tierras de la Marca 2,Alex Damaceno,Suplemento,grapado color,20,A5 color,9781244567597,true,true,9781244567597,Formato ISBN-13/EAN-13 válido por checksum; no implica verificación registral,8.00,2025-01-31,https://dbsombra.com/index.asp?cod=LM257MM2,https://dbsombra.com/index.asp?cod=LM257MM2,https://github.com/diacritica/codexlmde/tree/master/codex/content/es/posts
MN1,MN,1,ALMEMN1,esperado_por_patron,derivado_clave_sombra,LM225MN1,Marjalnegro,Robert Conley,Suplemento,grapado color,24 + 2 mapas A3 color,A4 b/n,9780201300628,true,true,9780201300628,Formato ISBN-13/EAN-13 válido por checksum; no implica verificación registral,6.00,2020-11-09,https://dbsombra.com/index.asp?cod=LM225MN1,https://dbsombra.com/index.asp?cod=LM225MN1,https://github.com/diacritica/codexlmde/tree/master/codex/content/es/posts
MN2,MN,2,ALMEMN2,esperado_por_patron,derivado_clave_sombra,LM245MN2,La balada del efímero paladín,Manu Saez,Suplemento,grapado color,,A4 b/n,9780201370058,true,true,9780201370058,Formato ISBN-13/EAN-13 válido por checksum; no implica verificación registral,8.00,2023-03-17,https://dbsombra.com/index.asp?cod=LM245MN2,https://dbsombra.com/index.asp?cod=LM245MN2,https://github.com/diacritica/codexlmde/tree/master/codex/content/es/posts
MN3,MN,3,ALMEMN3,esperado_por_patron,derivado_clave_sombra,LM263MN3,Guía Marjalnegro + Hasta que la Muerte os Separe,Fali Ruíz-Davila,Suplemento,grapado color,12+24,A4 b/n,9780209632622,true,true,9780209632622,Formato ISBN-13/EAN-13 válido por checksum; no implica verificación registral,18.00,2025-05-09,https://dbsombra.com/index.asp?cod=LM263MN3,https://dbsombra.com/index.asp?cod=LM263MN3,https://github.com/diacritica/codexlmde/tree/master/codex/content/es/posts
MN4,MN,4,ALMEMN4,esperado_por_patron,derivado_clave_sombra,LM296MN4,El Yelmo Astado y otras leyendas del Gran Reino,Fali Ruiz Dávila,Suplemento,carpeta color ambas caras,30,A4 b/n,-,false,false,,Sin ISBN según Sombra,12.00,2026-07-03,https://dbsombra.com/index.asp?cod=LM296MN4,https://dbsombra.com/index.asp?cod=LM296MN4,https://github.com/diacritica/codexlmde/tree/master/codex/content/es/posts
MP,MP,,,,derivado_clave_sombra,LM242MP,Mapamundi de Valion,vv. aa.,Suplemento,carpeta con mapas y encartes color,2 mapas + 8 encartes + cuadernillo 8 páginas,"88x60 color + 27,5x22,2 color + A5 color",9788493585823,false,false,,"Tiene prefijo ISBN 978/979, pero el checksum EAN-13 no es válido",20.00,2023-01-27,https://dbsombra.com/index.asp?cod=LM242MP,https://dbsombra.com/index.asp?cod=LM242MP,https://github.com/diacritica/codexlmde/tree/master/codex/content/es/posts
PB,PB,,,,derivado_clave_sombra,LM256PB,The Pit of Blasphemy (castellano),Tania Herrero,Suplemento,rústica color con solapas,64,A5 color,-,false,false,,Sin ISBN según Sombra,23.00,2024-11-08,https://dbsombra.com/index.asp?cod=LM256PB,https://dbsombra.com/index.asp?cod=LM256PB,https://github.com/diacritica/codexlmde/tree/master/codex/content/es/posts
PS1,PS,1,ALMEPS1,esperado_por_patron,confirmado_codex,LM233PS1,Manual de Psiónica,Pedro Gil,Suplemento,grapado color,40,A4 b/n,9780201399998,true,true,9780201399998,Formato ISBN-13/EAN-13 válido por checksum; no implica verificación registral,9.00,2021-07-02,https://dbsombra.com/index.asp?cod=LM233PS1,https://github.com/diacritica/codexlmde/tree/master/codex/content/es/posts,https://github.com/diacritica/codexlmde/tree/master/codex/content/es/posts
S1,S,1,ALMES1,esperado_por_patron,derivado_clave_sombra,LM244S1,La gesta del enano,Javier Fernández Valls,Suplemento,grapado color,28,A4 b/n,9780001079601,true,true,9780001079601,Formato ISBN-13/EAN-13 válido por checksum; no implica verificación registral,8.00,2023-02-17,https://dbsombra.com/index.asp?cod=LM244S1,https://dbsombra.com/index.asp?cod=LM244S1,https://github.com/diacritica/codexlmde/tree/master/codex/content/es/posts
SN,SN,,,,derivado_clave_sombra,LM267SN,La Sierpe Negra de Brandonsford,Chance Dudinack,Suplemento,grapado color,20,A4 b/n,9780205375554,true,true,9780205375554,Formato ISBN-13/EAN-13 válido por checksum; no implica verificación registral,12.00,2025-08-29,https://dbsombra.com/index.asp?cod=LM267SN,https://dbsombra.com/index.asp?cod=LM267SN,https://github.com/diacritica/codexlmde/tree/master/codex/content/es/posts
SP1,SP,1,ALMESP1,esperado_por_patron,confirmado_codex,LM220SP1,Tomo de magia,Pedro Gil,Suplemento,rústica-color,20,b/n A4,.,false,false,,Sin ISBN según Sombra,7.00,2019-10-25,https://dbsombra.com/index.asp?cod=LM220SP1,https://github.com/diacritica/codexlmde/tree/master/codex/content/es/posts,https://github.com/diacritica/codexlmde/tree/master/codex/content/es/posts
SP2,SP,2,ALMESP2,esperado_por_patron,derivado_clave_sombra,LM295SP2,El Laberinto de las Mil Puertas,vv.aa.,Suplemento,grapado color,20,A4 b/n,9785432277626,true,true,9785432277626,Formato ISBN-13/EAN-13 válido por checksum; no implica verificación registral,10.00,2026-05-29,https://dbsombra.com/index.asp?cod=LM295SP2,https://dbsombra.com/index.asp?cod=LM295SP2,https://github.com/diacritica/codexlmde/tree/master/codex/content/es/posts
TN1,TN,1,ALMETN1,esperado_por_patron,derivado_clave_sombra,LM221TN1,Pacto de Cenizas,Diego Marqués Vega,Suplemento,rústica-color,28,b/n A4,.,false,false,,Sin ISBN según Sombra,7.00,2019-10-25,https://dbsombra.com/index.asp?cod=LM221TN1,https://dbsombra.com/index.asp?cod=LM221TN1,https://github.com/diacritica/codexlmde/tree/master/codex/content/es/posts
TN2,TN,2,ALMETN2,esperado_por_patron,derivado_clave_sombra,LM222TN2,El Feudo en Llamas,Diego Marqués Vega,Suplemento,rústica-color,32,b/n A4,.,false,false,,Sin ISBN según Sombra,7.00,2019-10-25,https://dbsombra.com/index.asp?cod=LM222TN2,https://dbsombra.com/index.asp?cod=LM222TN2,https://github.com/diacritica/codexlmde/tree/master/codex/content/es/posts
TN3,TN,3,ALMETN3,esperado_por_patron,derivado_clave_sombra,LM229TN3,El Corazón de la Oscuridad,Diego Marqués Vega,Suplemento,cartoné color,182 + carpeta con 15 mapas A3 + cuad. A5 20 pág.,A4 b/n,.,false,false,,Sin ISBN según Sombra,40.00,2020-11-09,https://dbsombra.com/index.asp?cod=LM229TN3,https://dbsombra.com/index.asp?cod=LM229TN3,https://github.com/diacritica/codexlmde/tree/master/codex/content/es/posts
V1,V,1,ALMEV1,esperado_por_patron,derivado_clave_sombra,LM206V1,El Castillo Prohibido de la Reina de Sangre,José Manuel Palacios,Suplemento,encarte tríptico-grapado-color,32,b/n - A4,LM206V1,false,false,,Valor literal publicado por Sombra; no tiene formato ISBN/EAN-13,8.00,2017-01-25,https://dbsombra.com/index.asp?cod=LM206V1,https://dbsombra.com/index.asp?cod=LM206V1,https://github.com/diacritica/codexlmde/tree/master/codex/content/es/posts
V2,V,2,ALMEV2,esperado_por_patron,derivado_clave_sombra,LM232V2,No profanarás el Sueño de los Muertos,José Carlos de Diego,Suplemento,grapado color,44,A4 b/n,9700201000922,true,false,9700201000922,"EAN-13 válido por checksum, pero no tiene prefijo ISBN 978/979",9.00,2021-06-11,https://dbsombra.com/index.asp?cod=LM232V2,https://dbsombra.com/index.asp?cod=LM232V2,https://github.com/diacritica/codexlmde/tree/master/codex/content/es/posts
V3,V,3,ALMEV3,esperado_por_patron,confirmado_codex,LM253V3,El Ojo de Sa'nna,Joaquín Blanes Garrido,Suplemento,grapado color,24,A4 b/n,9780201300093,true,true,9780201300093,Formato ISBN-13/EAN-13 válido por checksum; no implica verificación registral,7.50,2024-05-31,https://dbsombra.com/index.asp?cod=LM253V3,https://github.com/diacritica/codexlmde/tree/master/codex/content/es/posts,https://github.com/diacritica/codexlmde/tree/master/codex/content/es/posts
X1,X,1,ALMEX1,esperado_por_patron,derivado_clave_sombra,LM205X1,En busca de la Ciudad Perdida de Garan,Carlos de la Cruz,Suplemento,encarte-grapado-color,44,b/n - A4,LM205X1,false,false,,Valor literal publicado por Sombra; no tiene formato ISBN/EAN-13,7.00,2017-01-25,https://dbsombra.com/index.asp?cod=LM205X1,https://dbsombra.com/index.asp?cod=LM205X1,https://github.com/diacritica/codexlmde/tree/master/codex/content/es/posts
X2,X,2,ALMEX2,esperado_por_patron,derivado_clave_sombra,LM210X2,El Arca de los Mil Inviernos,Jordi Morera,Suplemento,grapado + mapa,56,b/n A4,LM210X2,false,false,,Valor literal publicado por Sombra; no tiene formato ISBN/EAN-13,9.00,2018-03-23,https://dbsombra.com/index.asp?cod=LM210X2,https://dbsombra.com/index.asp?cod=LM210X2,https://github.com/diacritica/codexlmde/tree/master/codex/content/es/posts
X3,X,3,ALMEX3,esperado_por_patron,derivado_clave_sombra,LM241X3,La Taiga Maldita,Pedro Gil y Eduardo Antúnez,Suplemento,grapado color,32,A4 b/n,9788493585426,true,true,9788493585426,Formato ISBN-13/EAN-13 válido por checksum; no implica verificación registral,10.00,2022-10-21,https://dbsombra.com/index.asp?cod=LM241X3,https://dbsombra.com/index.asp?cod=LM241X3,https://github.com/diacritica/codexlmde/tree/master/codex/content/es/posts
X4,X,4,ALMEX4,esperado_por_patron,derivado_clave_sombra,LM261X4,Tiempos oscuros en Dormunder,Pablo C. Ganter,Suplemento,carpeta color,24,A4 b/n,9780244379339,true,true,9780244379339,Formato ISBN-13/EAN-13 válido por checksum; no implica verificación registral,9.00,2025-05-09,https://dbsombra.com/index.asp?cod=LM261X4,https://dbsombra.com/index.asp?cod=LM261X4,https://github.com/diacritica/codexlmde/tree/master/codex/content/es/posts
XR1,XR,1,ALMEXR1,esperado_por_patron,derivado_clave_sombra,LM254XR1,La ciudad de Xorandor,Diego Marqués Vega,Suplemento,rústica color con solapa,84,A4 b/n,9780207897979,true,true,9780207897979,Formato ISBN-13/EAN-13 válido por checksum; no implica verificación registral,25.00,2024-06-28,https://dbsombra.com/index.asp?cod=LM254XR1,https://dbsombra.com/index.asp?cod=LM254XR1,https://github.com/diacritica/codexlmde/tree/master/codex/content/es/posts
XR2,XR,2,ALMEXR2,esperado_por_patron,derivado_clave_sombra,LM269XR2,Xorandor Las Casas,Diego Marqués Vega,Suplemento,rústica color con solapas,72,A4 b/n,9780200989626,true,true,9780200989626,Formato ISBN-13/EAN-13 válido por checksum; no implica verificación registral,20.00,2025-10-17,https://dbsombra.com/index.asp?cod=LM269XR2,https://dbsombra.com/index.asp?cod=LM269XR2,https://github.com/diacritica/codexlmde/tree/master/codex/content/es/posts
XR3,XR,3,ALMEXR3,esperado_por_patron,derivado_clave_sombra,LM297XR3,Xorandor: la suboscuridad,Diego Marqués Vega,Suplemento,rústica color con solapas,76,A4 b/n,9000200079623,true,false,9000200079623,"EAN-13 válido por checksum, pero no tiene prefijo ISBN 978/979",20.00,2026-07-03,https://dbsombra.com/index.asp?cod=LM297XR3,https://dbsombra.com/index.asp?cod=LM297XR3,https://github.com/diacritica/codexlmde/tree/master/codex/content/es/posts
XR4,XR,4,ALMEXR4,esperado_por_patron,derivado_clave_sombra,LM286XR4,El Dédalo de la Casa Syldi,Diego Marqués Vega,Suplemento,grapado color,16,A4 b/n,9780001319752,true,true,9780001319752,Formato ISBN-13/EAN-13 válido por checksum; no implica verificación registral,10.00,2026-03-27,https://dbsombra.com/index.asp?cod=LM286XR4,https://dbsombra.com/index.asp?cod=LM286XR4,https://github.com/diacritica/codexlmde/tree/master/codex/content/es/posts
XR5,XR,5,ALMEXR5,esperado_por_patron,derivado_clave_sombra,LM287XR5,Luz Moribunda,Diego Marqués Vega,Suplemento,grapado color,44,A4 b/n,9780201398762,true,true,9780201398762,Formato ISBN-13/EAN-13 válido por checksum; no implica verificación registral,15.00,2026-03-27,https://dbsombra.com/index.asp?cod=LM287XR5,https://dbsombra.com/index.asp?cod=LM287XR5,https://github.com/diacritica/codexlmde/tree/master/codex/content/es/posts
